seq1,seq2,seq3,seq4
CTGCTGGACCGGATTCTGTTGAGTCGGCCGGATCGAACGT,CCGCTGCCAGTTAAGTGCGGCGTCACATCGCCAAACACGT,TCGATCCGGCCGACTCCCGCACTTAACTGGCAGCGGACGT,GTTTGGCGATGTGACGAACAGAATCCGGTCCAGCAGACGT
GTGGGAACAACACGCCACTTGGCCAACAACTGCGTCACGT,GTCCCGTATAAGGTCCTAGGCAACCGCTCTCCAGGGACGT,GACGCAGTTGTTGGCCCCTAGGACCTTATACGGGACACGT,CCCTGGAGAGCGGTTGAAGTGGCGTGTTGTTCCCACACGT
TTGGGAGGGCGAATTGACGGTTGCGGTTTCTCTGCGACGT,GCCAGAGTACGGATGTTGTAGCTGAGCGCCAAGGCTACGT,CGCAGAGAAACCGCAATACAACATCCGTACTCTGGCACGT,AGCCTTGGCGCTCAGCCCGTCAATTCGCCCTCCCAAACGT
TCCCCCTAGACGGCTGGTGGACGAGTCTAGTAACCCACGT,CTGCCCTCAAGCCGGTCCGGGGAATGAAATGCCTGAACGT,GGGTTACTAGACTCGTCCGGACCGGCTTGAGGGCAGACGT,TCAGGCATTTCATTCCCCACCAGCCGTCTAGGGGGAACGT
GCAGCACGTCGAGAACTATAGTGGAGCTGGCTGTGCACGT,GAAGGTACCTTCCCACCTCGATGGGGCCATCTGGTGACGT,GCACAGCCAGCTCCACCGAGGTGGGAAGGTACCTTCACGT,CACCAGATGGCCCCATTATAGTTCTCGACGTGCTGCACGT
TGCGAGCTTGCAGGACCATTTGAGGTTGGACCCGGTACGT,AGCTGCCCCGAGCGGGCAATGTCCGTCGATAGATTCACGT,ACCGGGTCCAACCTCAATTGCCCGCTCGGGGCAGCTACGT,GAATCTATCGACGGACAATGGTCCTGCAAGCTCGCAACGT
TCAGGAGACGCGCCTATCAGAGCCGTTGGCAATGGCACGT,CAACTCGCGCACACTCGCGTGTCGCTTACGCCACTAACGT,GCCATTGCCAACGGCTACGCGAGTGTGCGCGAGTTGACGT,TAGTGGCGTAAGCGACCTGATAGGCGCGTCTCCTGAACGT
CGTCAGTCAGGGGTCAGGAGTGTTCCGAGCGAACAGACGT,GAGACGTGGTGAGCTCTTGGCGAATAGGGGGCCTAAACGT,CTGTTCGCTCGGAACACCAAGAGCTCACCACGTCTCACGT,TTAGGCCCCCTATTCGCTCCTGACCCCTGACTGACGACGT
TCACTATGTGCCGCCACGCATGGATAGCCCTCAGCGACGT,GAGATAACGAACGGCAGGCTGACGTGACTGGTACCCACGT,CGCTGAGGGCTATCCAAGCCTGCCGTTCGTTATCTCACGT,GGGTACCAGTCACGTCTGCGTGGCGGCACATAGTGAACGT
