title,description,length,accession_number,GI_number
JP,"2019520080-A/55339:MATERIALSANDMETHODSFORTREATMENTOFPAINRELATEDDISORDERS
","20 bp linear other-genetic 
",PB105792.1,"2859168855
"
Acinetobacterlwoffii,"SH145cont1.45,wholegenomeshotgunsequence
","96,702 bp linear DNA 
",ACPN01000045.1,"261888997
"
Citromicrobiumbathyomarinum,"JL354contig18,wholegenomeshotgunsequence
","872,285 bp linear DNA 
",ADAE01000018.1,"268321961
"
Leuconostocfallax,"KCTC3537contig00002,wholegenomeshotgunsequence
","154,123 bp linear DNA 
",AEIZ01000002.1,"310616823
"
Weissellacibaria,"KACC11862contig00030,wholegenomeshotgunsequence
","116,158 bp linear DNA 
",AEKT01000028.1,"311243581
"
Leuconostocgelidum,"subsp.gelidumKCTC3527contig00022,wholegenomeshotgunsequence
","15,245 bp linear DNA 
",AEMI01000022.1,"312182558
"
Loigolactobacilluscoryniformis,"subsp.coryniformisKCTC3167=DSM20001strainKCTC3167contig00513,wholegenomeshotgunsequence
","59,088 bp linear DNA 
",AELK01000194.1,"312193169
"
Fructobacillusfructosus,"KCTC3544contig00018,wholegenomeshotgunsequence
","97,994 bp linear DNA 
",AEOP01000018.1,"316987132
"
Citromicrobiumsp.,"JLT1363contig00008,wholegenomeshotgunsequence
","290,122 bp linear DNA 
",AEUE01000008.1,"320004512
"
Photobacteriumleiognathi,"subsp.mandapamensissvers.1.1.DNA,contig:pmContig03,wholegenomeshotgunsequence
","72,121 bp linear DNA 
",BACE01000003.1,"327246678
"
Haemophilussputorum,"CCUG13788contig00009,wholegenomeshotgunsequence
","155,829 bp linear DNA 
",AFNK01000006.1,"334363878
"
Acinetobacterlwoffii,"WJ10621contig003,wholegenomeshotgunsequence
","487,620 bp linear DNA 
",AFQY01000003.1,"337752633
"
Paucilactobacillussuebicus,"DSM5007=KCTC3549DNA,contig:contig00019,wholegenomeshotgunsequence
","85,742 bp linear DNA 
",BACO01000019.1,"338744012
"
Lacticaseibacilluszeae,"DSM20178=KCTC3804DNA,contig:contig00075,wholegenomeshotgunsequence
","22,855 bp linear DNA 
",BACQ01000075.1,"338747961
"
Pseudomonassp.,"S9Contig3,wholegenomeshotgunsequence
","496,713 bp linear DNA 
",AFFX01000003.1,"342151720
"
Stutzerimonasstutzeri,"SDM-LACcontig000140,wholegenomeshotgunsequence
","18,721 bp linear DNA 
",AGSX01000139.1,"357435719
"
Paenibacilluspeoriae,"KCTC3763contig47,wholegenomeshotgunsequence
","232,241 bp linear DNA 
",AGFX01000038.1,"359367749
"
Pseudomonasfragi,"B25genomicscaffoldScaffold3,wholegenomeshotgunsequence
","632,126 bp linear DNA 
",JH604624.1,"379979639
"
Sinorhizobiumsojae,"CCBAU05684Scaffold6.contig5,wholegenomeshotgunsequence
","79,211 bp linear DNA 
",AJQT01000043.1,"386305790
"
Sinorhizobiumsp.,"CCBAU05631Scaffold5.contig6,wholegenomeshotgunsequence
","24,738 bp linear DNA 
",AJQU01000056.1,"386306089
"
Ureibacillusthermosphaericus,"str.Thermo-BFS3M_006,wholegenomeshotgunsequence
","120,225 bp linear DNA 
",AJIK01000006.1,"387847697
"
Nocardiaexalbida,"NBRC100660DNA,contig:NE1_con58,wholegenomeshotgunsequence
","132,217 bp linear DNA 
",BAFZ01000058.1,"395452955
"
Nocardiaotitidiscaviarum,"NBRC14405DNA,contig:NO1_con65,wholegenomeshotgunsequence
","90,050 bp linear DNA 
",BAGD01000065.1,"395620753
"
Nocardiapneumoniae,"NBRC100136DNA,contig:NP2_con40,wholegenomeshotgunsequence
","268,674 bp linear DNA 
",BAGF01000040.1,"395621060
"
Algibacterluteus,"strainP7-3-5contig005,wholegenomeshotgunsequence
","265,257 bp linear DNA 
",ALIH01000005.1,"398373943
"
Chelatococcussp.,"GW1contig000017,wholegenomeshotgunsequence
","7,079 bp linear DNA 
",ALIQ01000017.1,"398376212
"
Yersiniamassiliensis,"CCUG53443WGSprojectCAKR00000000data,contig00009,wholegenomeshotgunsequence
","952,156 bp linear DNA 
",CAKR01000009.1,"398636070
"
Cupriavidussp.,"BIS7contig61,wholegenomeshotgunsequence
","104,523 bp linear DNA 
",ALOU01000061.1,"401727813
"
Cupriavidussp.,"BIS7contig46,wholegenomeshotgunsequence
","18,356 bp linear DNA 
",ALOU01000046.1,"401727851
"
Enterobacteriaceaebacterium,"B14DNA,contig:contig00064,wholegenomeshotgunsequence
","21,838 bp linear DNA 
",BAGV01000064.1,"403185540
"
Enterobacteriaceaebacterium,"LSJC7Scaffold5_1,wholegenomeshotgunsequence
","238,331 bp linear DNA 
",AMFN01000015.1,"407971916
"
Nodosilineanodulosa,"PCC7104genomicscaffoldLepto7104DRAFT_LPD.2,wholegenomeshotgunsequence
","6,098,684 bp linear DNA 
",JH976537.1,"410708119
"
Pseudomonasnitroreducens,"TX1Contig084,wholegenomeshotgunsequence
","74,966 bp linear DNA 
",AMZB01000084.1,"422814491
"
Mastigocladopsisrepens,"PCC10914genomicscaffoldMas10914DRAFT_scaffold1.1,wholegenomeshotgunsequence
","6,070,411 bp linear DNA 
",JH992901.1,"426006171
"
Prochlorothrixhollandica,"PCC9006=CALU1027strainPCC9006Pro9006DRAFT_Contig5.9_C55,wholegenomeshotgunsequence
","25,583 bp linear DNA 
",ANKN01000055.1,"443003412
"
Anabaenasp.,"PCC7108genomicscaffoldAna7108scaffold_2,wholegenomeshotgunsequence
","5,714,552 bp linear DNA 
",KB235896.1,"443349442
"
Nafulsellaturpanensis,"ZLM-10contig0013,wholegenomeshotgunsequence
","144,823 bp linear DNA 
",ANNU01000013.1,"461458582
"
Paenibacillussp.,"A9contig3,wholegenomeshotgunsequence
","319,935 bp linear DNA 
",AOIG01000003.1,"461488099
"
Kribbellacatacumbae,"DSM19601A3ESDRAFT_scaffold_54.55_C,wholegenomeshotgunsequence
","60,300 bp linear DNA 
",AQUZ01000055.1,"480757232
"
Kordiimonasgwangyangensis,"DSM19435=JCM12864strainDSM19435B150DRAFT_scaffold_0.1_C,wholegenomeshotgunsequence
","1,053,240 bp linear DNA 
",AQXF01000001.1,"481038976
"
Hahellaganghwensis,"DSM17046F566DRAFT_scaffold00001.1_C,wholegenomeshotgunsequence
","288,733 bp linear DNA 
",AQXX01000144.1,"481710772
"
Psychroflexustropicus,"DSM15496F598DRAFT_scaffold00003.3_C2,wholegenomeshotgunsequence
","263,752 bp linear DNA 
",ARLA01000023.1,"481757179
"
Flexithrixdorotheae,"DSM6795A3EMDRAFT_scaffold_81.82_C,wholegenomeshotgunsequence
","3,815 bp linear DNA 
",ARBP01000086.1,"481787236
"
Flexithrixdorotheae,"DSM6795A3EMDRAFT_scaffold_2.3_C,wholegenomeshotgunsequence
","624,270 bp linear DNA 
",ARBP01000003.1,"481787571
"
Rhizobiumsp.,"BR816genomicscaffoldscaffold1,wholegenomeshotgunsequence
","6,127,971 bp linear DNA 
",KB905370.1,"482578600
"
Methylosinussp.,"LW4genomicscaffoldMetLW4DRAFT_scaffold1.1,wholegenomeshotgunsequence
","3,979,493 bp linear DNA 
",KB900626.1,"482578631
"
Bradyrhizobiumjaponicum,"WSM2793genomicscaffoldA3ASDRAFT_scaffold_35.36,wholegenomeshotgunsequence
","88,349 bp linear DNA 
",KB902797.1,"482581086
"
Rhizobiumgiardinii,"bv.giardiniiH152genomicscaffoldA3AYDRAFT_scaffold_6.7,wholegenomeshotgunsequence
","319,576 bp linear DNA 
",KB902724.1,"482581159
"
Cytophagaaurantiaca,"DSM3654genomicscaffoldA3EEDRAFT_scaffold_7.8,wholegenomeshotgunsequence
","251,229 bp linear DNA 
",KB903664.1,"482581474
"
Bacillussp.,"37MAgenomicscaffoldA3M5DRAFT_scaffold1.1,wholegenomeshotgunsequence
","3,764,047 bp linear DNA 
",KB889752.1,"482583106
"
Uliginosibacteriumgangwonense,"DSM18521genomicscaffoldB145DRAFT_scaffold_1.2,wholegenomeshotgunsequence
","591,339 bp linear DNA 
",KB892835.1,"482593467
"
Uliginosibacteriumgangwonense,"DSM18521genomicscaffoldB145DRAFT_scaffold_0.1,wholegenomeshotgunsequence
","601,747 bp linear DNA 
",KB892834.1,"482593468
"
Paenibacillusmassiliensis,"2301065=DSM16942genomicscaffoldD328DRAFT_scaffold00003.3,wholegenomeshotgunsequence
","553,195 bp linear DNA 
",KB898187.1,"482597060
"
Saccharibacilluskuerlensis,"DSM22868genomicscaffoldF456DRAFT_scaffold00028.28,wholegenomeshotgunsequence
","49,015 bp linear DNA 
",KB899304.1,"482598243
"
Methylophilusmethylotrophus,"DSM46235=ATCC53528genomicscaffoldF463DRAFT_scaffold00001.1,wholegenomeshotgunsequence
","1,347,054 bp linear DNA 
",KB905141.1,"482598432
"
Hirschiamaritima,"DSM19733genomicscaffoldF551DRAFT_scaffold00005.5,wholegenomeshotgunsequence
","255,854 bp linear DNA 
",KB899548.1,"482598522
"
Halomonaslutea,"DSM23508genomicscaffoldF568DRAFT_scaffold00001.1,wholegenomeshotgunsequence
","569,234 bp linear DNA 
",KB899989.1,"482598991
"
Psychrobacterlutiphocae,"DSM21542H140DRAFT_scaffold00020.20_C,wholegenomeshotgunsequence
","62,638 bp linear DNA 
",ARNF01000064.1,"482627402
"
Bradyrhizobiumjaponicum,"USDA124genomicscaffoldB370DRAFT_scaffold_23.24,wholegenomeshotgunsequence
","102,131 bp linear DNA 
",KB893844.1,"482636501
"
Actinobacilluscapsulatus,"DSM19761genomicscaffoldC228DRAFT_scaffold00020.20,wholegenomeshotgunsequence
","55,119 bp linear DNA 
",KB893949.1,"482636702
"
Algicolasagamiensis,"DSM14643genomicscaffoldC505DRAFT_scaffold00002.2,wholegenomeshotgunsequence
","457,130 bp linear DNA 
",KB894492.1,"482638691
"
Thiomicrospiraarctica,"DSM13458genomicscaffoldF612DRAFT_scaffold00001.1,wholegenomeshotgunsequence
","1,825,481 bp linear DNA 
",KB905899.1,"482674101
"
Acidobacteriaceaebacterium,"KBS83genomicscaffoldG002DRAFT_scaffold00004.4,wholegenomeshotgunsequence
","826,801 bp linear DNA 
",KB906736.1,"482674947
"
Acidobacteriaceaebacterium,"KBS89genomicscaffoldG003DRAFT_scaffold00001.1,wholegenomeshotgunsequence
","1,636,164 bp linear DNA 
",KB906754.1,"482674963
"
Psychromonasossibalaenae,"ATCCBAA-1528strainJAMM0738genomicscaffoldG327DRAFT_scaffold00018.18,wholegenomeshotgunsequence
","94,156 bp linear DNA 
",KB906984.1,"482675253
"
Eudoraeaadriatica,"DSM19308genomicscaffoldG504DRAFT_scaffold00002.2,wholegenomeshotgunsequence
","704,250 bp linear DNA 
",KB907547.1,"482675844
"
Vitreoscillastercoraria,"DSM513genomicscaffoldH150DRAFT_scaffold00012.12,wholegenomeshotgunsequence
","86,451 bp linear DNA 
",KB908029.1,"482676268
"
Woodsholeamaritima,"DSM17123genomicscaffoldH151DRAFT_scaffold00001.1,wholegenomeshotgunsequence
","1,156,223 bp linear DNA 
",KB908056.1,"482676299
"
Pannonibacterphragmitetus,"DSM14782genomicscaffoldH163DRAFT_scaffold00005.5,wholegenomeshotgunsequence
","220,441 bp linear DNA 
",KB908219.1,"482676474
"
Rhizobiumleguminosarum,"bv.viciae248RLEG17DRAFT_Scaffold1.7_C,wholegenomeshotgunsequence
","5,082,651 bp linear DNA 
",ARRT01000006.1,"482969597
"
Methyloferulastellata,"AR4strainAR4TA3OQDRAFT_chromosome1.1_C,wholegenomeshotgunsequence
","4,235,448 bp linear DNA 
",ARWA01000001.1,"482973020
"
Thiomicrorhabdussp.,"Kp2A379DRAFT_chromosome1.1_C,wholegenomeshotgunsequence
","2,725,706 bp linear DNA 
",ARWI01000001.1,"482973234
"
Methyloteneramobilis,"13genomicscaffoldA391DRAFT_scaffold1.1,wholegenomeshotgunsequence
","2,803,787 bp linear DNA 
",KB913035.1,"483190898
"
Hyphomicrobiumzavarzinii,"ATCC27496strainZV-622genomicscaffoldF812DRAFT_scaffold00010.10,wholegenomeshotgunsequence
","150,989 bp linear DNA 
",KB911264.1,"483196475
"
Amycolatopsisorientalis,"DSM40040=KCTC9412contig_8,wholegenomeshotgunsequence
","126,875 bp linear DNA 
",ASJB01000001.1,"498752527
"
Vibriojasicida,"MWB21DNA,contig:contig0076,wholegenomeshotgunsequence
","48,168 bp linear DNA 
",BAOA01000076.1,"499314376
"
Vibriojasicida,"MWB21DNA,contig:contig0050,wholegenomeshotgunsequence
","120,104 bp linear DNA 
",BAOA01000050.1,"499314402
"
Vibriojasicida,"MWB21DNA,contig:contig0007,wholegenomeshotgunsequence
","333,318 bp linear DNA 
",BAOA01000007.1,"499314445
"
Rhizobiumleguminosarum,"bv.viciaeGB30A3A3DRAFT_scaffold_0.1_C,wholegenomeshotgunsequence
","541,500 bp linear DNA 
",ATTP01000001.1,"522804604
"
Rhizobiummongolense,"USDA1844A3C3DRAFT_scaffold_36.37_C,wholegenomeshotgunsequence
","27,516 bp linear DNA 
",ATTQ01000037.1,"522804757
"
Oceanicaulisalexandrii,"DSM11625G405DRAFT_scaffold00001.1_C,wholegenomeshotgunsequence
","2,621,375 bp linear DNA 
",ATUP01000001.1,"522807938
"
Weissellahalotolerans,"DSM20190G414DRAFT_scaffold00003.3_C,wholegenomeshotgunsequence
","146,971 bp linear DNA 
",ATUU01000003.1,"522808284
"
Ponticauliskoreensis,"DSM19734G523DRAFT_scaffold00001.1_C,wholegenomeshotgunsequence
","2,348,061 bp linear DNA 
",ATVJ01000001.1,"522809007
"
Tepidiphilusmargaritifer,"DSM15129H607DRAFT_scaffold00004.4_C,wholegenomeshotgunsequence
","303,648 bp linear DNA 
",AUDR01000015.1,"523392555
"
Tepidiphilusmargaritifer,"DSM15129H607DRAFT_scaffold00002.2_C,wholegenomeshotgunsequence
","375,818 bp linear DNA 
",AUDR01000013.1,"523392557
"
Bradyrhizobiumsp.,"Cp5.3K289DRAFT_scaffold00001.1_C,wholegenomeshotgunsequence
","666,645 bp linear DNA 
",AUFA01000001.1,"523394552
"
Bradyrhizobiumsp.,"Ai1a-2K288DRAFT_scaffold00038.38_C,wholegenomeshotgunsequence
","83,079 bp linear DNA 
",AUEZ01000039.1,"523394598
"
Cupriavidussp.,"amp6K309DRAFT_scaffold00004.4_C,wholegenomeshotgunsequence
","227,462 bp linear DNA 
",AUFE01000004.1,"523395475
"
Moraxellacaprae,"DSM19149K941DRAFT_scaffold00005.5_C,wholegenomeshotgunsequence
","102,637 bp linear DNA 
",AUGF01000006.1,"523396509
"
Tetragenococcusmuriaticus,"DSM15685G577DRAFT_scaffold00001.1_C,wholegenomeshotgunsequence
","186,503 bp linear DNA 
",AUIQ01000001.1,"523400078
"
Chryseobacteriumdaeguense,"DSM19388H560DRAFT_scaffold00021.21_C,wholegenomeshotgunsequence
","35,778 bp linear DNA 
",AUMT01000022.1,"523610574
"
Chryseobacteriumdaeguense,"DSM19388H560DRAFT_scaffold00018.18_C,wholegenomeshotgunsequence
","57,414 bp linear DNA 
",AUMT01000019.1,"523610586
"
Sinorhizobiumarboris,"LMG14919SinarDRAFT_Scaffold4.4_C,wholegenomeshotgunsequence
","685,926 bp linear DNA 
",ATYB01000009.1,"523611083
"
Rhizobiumsullae,"WSM1592A3C1DRAFT_scaffold_86.87_C,wholegenomeshotgunsequence
","4,385 bp linear DNA 
",ATZB01000088.1,"523612843
"
Azovibriorestrictus,"DSM23866G474DRAFT_scaffold00009.9_C,wholegenomeshotgunsequence
","189,134 bp linear DNA 
",AUCH01000009.1,"523620012
"
Desulfogranumjaponicum,"DSM18378G493DRAFT_scaffold00005.5_C,wholegenomeshotgunsequence
","209,552 bp linear DNA 
",AUCV01000005.1,"523621075
"
Methylocapsaacidiphila,"B2genomicscaffoldMetacDRAFT_Scaffold1.2,wholegenomeshotgunsequence
","3,916,740 bp linear DNA 
",KE386496.1,"523639202
"
Photobacteriumleiognathi,"lrivu.4.1DNA,contig:plContig045,wholegenomeshotgunsequence
","9,087 bp linear DNA 
",BANQ01000045.1,"531072433
"
Xanthomonascassavae,"CFBP4642chromosome,wholegenomeshotgunsequence
","5,197,712 bp circular DNA 
",CM002139.1,"537096072
"
CandidatusSchmidhempelia,"bombistr.Bimpctg820001289395,wholegenomeshotgunsequence
","31,229 bp linear DNA 
",AWGA01000016.1,"545698705
"
Helicobacterpylori,"SA213AWGSprojectdata,contigSA213A_012,wholegenomeshotgunsequence
","47,114 bp linear DNA 
",CBOM010000012.1,"546855104
"
Mesorhizobiumerdmanii,"USDA3471A3AUDRAFT_scaffold_2.3_C1,wholegenomeshotgunsequence
","102,550 bp linear DNA 
",AXAE01000006.1,"548692156
"
Mesorhizobiumloti,"CJ3symA3A9DRAFT_scaffold_3.4_C1,wholegenomeshotgunsequence
","150,632 bp linear DNA 
",AXAL01000004.1,"548692932
"
Bradyrhizobiumsp.,"WSM3983YUADRAFT_scaffold_40.41_C,wholegenomeshotgunsequence
","56,095 bp linear DNA 
",AXAY01000044.1,"548697279
"
Bradyrhizobiumsp.,"WSM1743YU9DRAFT_scaffold_40.41_C,wholegenomeshotgunsequence
","65,087 bp linear DNA 
",AXAZ01000045.1,"548697988
"
Synechococcussp.,"NKBG15041cDNA,contig;Contig33,wholegenomeshotgunsequence
","14,361 bp linear DNA 
",BAUB01000033.1,"551232559
"
Tenacibaculummaritimum,"NCIMB2154DNA,contig:TMA01S_CON06020,wholegenomeshotgunsequence
","120,088 bp linear DNA 
",BAUG01000008.1,"554476084
"
Rhodoferaxsaidenbachensis,"ED16contig06,wholegenomeshotgunsequence
","90,869 bp linear DNA 
",AWQR01000006.1,"558869907
"
Ensiferaridi,"strainTW10SinTW10DRAFT_scaffold_10.11_C,wholegenomeshotgunsequence
","201,494 bp linear DNA 
",AZNX01000012.1,"567126982
"
Methylosinussp.,"LW3METLW3DRAFT_contig1.1_C,wholegenomeshotgunsequence
","4,004,193 bp linear DNA 
",AZUO01000001.1,"570956126
"
Ensifersp.,"WSM1721SinteDRAFT_scaffold_16.17_C,wholegenomeshotgunsequence
","112,748 bp linear DNA 
",AZUW01000020.1,"570972402
"
Methylophilussp.,"5genomicscaffoldscaffold1,wholegenomeshotgunsequence
","3,033,021 bp linear DNA 
",KI911560.1,"571796892
"
Promicromonosporakroppenstedtii,"DSM19349genomicscaffoldProkrDRAFT_PKA.197,wholegenomeshotgunsequence
","49,915 bp linear DNA 
",KI911670.1,"571796996
"
Mesorhizobiumloti,"R88bgenomicscaffoldMeslo2DRAFT_Scaffold1.1,wholegenomeshotgunsequence
","7,195,110 bp linear DNA 
",KI912159.1,"572725468
"
Rhodospirillalesbacterium,"URHD0088N544DRAFT_scaffold00003.3_C,wholegenomeshotgunsequence
","524,663 bp linear DNA 
",JADL01000003.1,"573086489
"
Bacillussp.,"J33BacJ33DRAFT_c107_C,wholegenomeshotgunsequence
","17,800 bp linear DNA 
",JAEL01000112.1,"573088009
"
Chelativoranssp.,"J32CheJ32DRAFT_scaffold_13.14_C,wholegenomeshotgunsequence
","123,292 bp linear DNA 
",JAEQ01000014.1,"573088334
"
Dechloromonasagitata,"is5genomicscaffoldK420DRAFT_scaffold00001.1,wholegenomeshotgunsequence
","3,627,226 bp linear DNA 
",KI912532.1,"573678495
"
Xanthobactersp.,"126XAN126DRAFT_chromosome1.1_C,wholegenomeshotgunsequence
","5,472,264 bp linear DNA 
",JAFO01000001.1,"573972604
"
Hydrogenovibriokuenenii,"DSM12350N745DRAFT_scf7180000000004_quiver.1_C,wholegenomeshotgunsequence
","2,449,025 bp linear DNA 
",JAGP01000001.1,"573973117
"
Aquimarinamegaterium,"XH134contig167_scaffold115,wholegenomeshotgunsequence
","326 bp linear DNA 
",JACB01000167.1,"574613608
"
Aquimarinamacrocephali,"JAMBN27contig56_scaffold31,wholegenomeshotgunsequence
","53,907 bp linear DNA 
",JACA01000056.1,"574613940
"
Aquimarinamegaterium,"XH134contig45_scaffold20,wholegenomeshotgunsequence
","391 bp linear DNA 
",JACB01000045.1,"574613974
"
Aquimarinamegaterium,"XH134contig44_scaffold20,wholegenomeshotgunsequence
","85,099 bp linear DNA 
",JACB01000044.1,"574613977
"
Aquimarinamacrocephali,"JAMBN27contig41_scaffold19,wholegenomeshotgunsequence
","131,466 bp linear DNA 
",JACA01000041.1,"574613987
"
Aquimarinamacrocephali,"JAMBN27contig40_scaffold19,wholegenomeshotgunsequence
","240 bp linear DNA 
",JACA01000040.1,"574613990
"
Aquimarinamacrocephali,"JAMBN27contig39_scaffold19,wholegenomeshotgunsequence
","257 bp linear DNA 
",JACA01000039.1,"574613993
"
Aquimarinamacrocephali,"JAMBN27contig14_scaffold7,wholegenomeshotgunsequence
","228,126 bp linear DNA 
",JACA01000014.1,"574614056
"
Aquimarinamegaterium,"XH134contig3_scaffold2,wholegenomeshotgunsequence
","498,159 bp linear DNA 
",JACB01000003.1,"574614077
"
Methylophilussp.,"OH31DNA,contig:MPOH31a02,wholegenomeshotgunsequence
","993,349 bp linear DNA 
",BAUS01000002.1,"586588632
"
Thioalkalivibriosp.,"HK1contig22482,wholegenomeshotgunsequence
","65,610 bp linear DNA 
",JFBG01000083.1,"589095701
"
Cobetiacrustatorum,"strainJO1contig_99,wholegenomeshotgunsequence
","31,401 bp linear DNA 
",JEMF01000099.1,"594637304
"
Pantoeasp.,"IMHScaffold1_5,wholegenomeshotgunsequence
","1,252,620 bp linear DNA 
",JFGT01000005.1,"597718330
"
Lacticaseibacilluscasei,"DSM20011=JCM1134=ATCC393DNA,contig:JCM1134.contig00009,wholegenomeshotgunsequence
","69,899 bp linear DNA 
",BALS01000009.1,"602600720
"
Shewanellamarina,"JCM15074DNA,contig:JCM15074.contig00006,wholegenomeshotgunsequence
","169,972 bp linear DNA 
",BALM01000006.1,"602605217
"
Bradyrhizobiumsp.,"DOA9DNA,contig:Scaffold2_3,wholegenomeshotgunsequence
","259,187 bp linear DNA 
",BAWE01000003.1,"604719056
"
Nitrosospirabriensis,"C-128F822DRAFT_scaffold00003.3_C,wholegenomeshotgunsequence
","394,139 bp linear DNA 
",JHVX01000003.1,"607821794
"
Sulfurihydrogenibiumsubterraneum,"DSM15120Q385DRAFT_scaffold00001.1_C,wholegenomeshotgunsequence
","436,944 bp linear DNA 
",JHUV01000008.1,"607821977
"
Acidobacteriaceaebacterium,"KBS146M015DRAFT_scf7180000000004_quiver.1_C,wholegenomeshotgunsequence
","4,996,384 bp linear DNA 
",JHVA01000001.1,"607822051
"
Simplicispirapsychrophila,"DSM11588Q390DRAFT_scaffold00002.2_C,wholegenomeshotgunsequence
","390,328 bp linear DNA 
",JHYS01000002.1,"607832733
"
Afifellapfennigii,"DSM17143Q331DRAFT_scaffold00018.18_C,wholegenomeshotgunsequence
","75,631 bp linear DNA 
",JHZK01000018.1,"607832912
"
Nitrosomonascryotolerans,"ATCC49181G345DRAFT_scaffold00036.36_C,wholegenomeshotgunsequence
","27,130 bp linear DNA 
",JIBI01000037.1,"607833325
"
Thiothrixlacustris,"DSM21227Q394DRAFT_scaffold00004.4_C2,wholegenomeshotgunsequence
","165,889 bp linear DNA 
",JHYQ01000005.1,"607835170
"
Serratiasp.,"H1nContig10,wholegenomeshotgunsequence
","95,997 bp linear DNA 
",AYMN01000010.1,"613816620
"
Lonsdaleaquercina,"subsp.quercinastrainNCCB100489Contig4,wholegenomeshotgunsequence
","252,083 bp linear DNA 
",JIBP01000004.1,"632992602
"
Persephonellasp.,"IF05-L8strainIFO5_L8BO13DRAFT_scf7180000000011_quiver.5_C,wholegenomeshotgunsequence
","569,858 bp linear DNA 
",JNLJ01000005.1,"651606936
"
Persephonellasp.,"KM09-Lau-8strainKM09_Lau8BO11DRAFT_scf7180000000004_quiver_dupTrim_3231.1_C,wholegenomeshotgunsequence
","1,910,985 bp linear DNA 
",JNLL01000001.1,"651606971
"
Thiomicrospirasp.,"Milos-T2genomicscaffoldBS34DRAFT_scaffold00001.1,wholegenomeshotgunsequence
","2,211,915 bp linear DNA 
",KL370891.1,"651703705
"
Leuconostoclactis,"strainKACC91922337.Llac.1_9,wholegenomeshotgunsequence
","74,660 bp linear DNA 
",JMEA01000009.1,"656998416
"
Thiomicrospirapelophila,"DSM1534N746DRAFT_scf7180000000002_quiver_dupTrim_9340.1_C,wholegenomeshotgunsequence
","2,108,215 bp linear DNA 
",JOMR01000001.1,"658654320
"
Andreprevotiachitinilytica,"DSM18519BR41DRAFT_scaffold00001.1_C,wholegenomeshotgunsequence
","610,461 bp linear DNA 
",JONM01000001.1,"658749831
"
Weissellahellenica,"DNA,contig:contig00006,strain:Wikim14,wholegenomeshotgunsequence
","164,601 bp linear DNA 
",BBIK01000006.1,"659919256
"
Saccharothrixsp.,"NRRLB-16314contig22.1,wholegenomeshotgunsequence
","237,166 bp linear DNA 
",JNXC01000022.1,"661820318
"
Saccharothrixsyringae,"strainNRRLB-16468contig21.1,wholegenomeshotgunsequence
","146,927 bp linear DNA 
",JNYO01000021.1,"661842299
"
Saccharothrixsyringae,"strainNRRLB-16468contig8.1,wholegenomeshotgunsequence
","616,341 bp linear DNA 
",JNYO01000008.1,"661842345
"
Herbidosporacretacea,"strainNRRLB-16917contig7.1,wholegenomeshotgunsequence
","1,140,845 bp linear DNA 
",JODQ01000007.1,"661969208
"
Lentzeaalbidocapillata,"strainNRRLB-24057contig14.1,wholegenomeshotgunsequence
","705,060 bp linear DNA 
",JOEA01000014.1,"661970550
"
Mycetocolasaprophilus,"strainNRRLB-24119contig2.1,wholegenomeshotgunsequence
","1,442,098 bp linear DNA 
",JOEC01000002.1,"661970626
"
Oerskoviaturbata,"strainNRRLB-8019contig8.1,wholegenomeshotgunsequence
","287,154 bp linear DNA 
",JOFV01000008.1,"661979840
"
Streptomycessp.,"NRRLS-37contig17.1,wholegenomeshotgunsequence
","308,426 bp linear DNA 
",JOIZ01000017.1,"661993254
"
Lechevalieriaaerocolonigenes,"strainNRRLB-16138genomicscaffoldP325_Doro1_scaffold38,wholegenomeshotgunsequence
","64,697 bp linear DNA 
",KL590506.1,"662091798
"
Caballeroniasordidicola,"strainS170NODE_63,wholegenomeshotgunsequence
","44,839 bp linear DNA 
",JNFG01000049.1,"665768013
"
Lysobacterantibioticus,"strain13-6Contig_68,wholegenomeshotgunsequence
","70,028 bp linear DNA 
",JMTZ01000068.1,"666384872
"
Vibriodiazotrophicus,"NBRC103148DNA,contig:VDI01S_CON016010,wholegenomeshotgunsequence
","128,648 bp linear DNA 
",BBJY01000017.1,"670448988
"
Carnobacteriumalterfunditum,"DSM5972strainpf4BR50DRAFT_scf7180000000014_quiver_dupTrim_6666.4_C,wholegenomeshotgunsequence
","2,470,948 bp linear DNA 
",JQLG01000004.1,"675281311
"
Carnobacteriumfunditum,"DSM5970strainpf3BR44DRAFT_scf7180000000006_quiver_dupTrim_9421.1_C,wholegenomeshotgunsequence
","2,329,297 bp linear DNA 
",JQLL01000001.1,"675281337
"
Carnobacteriumdivergens,"DSM20623strain66BR52DRAFT_scf7180000000002_quiver_dupTrim_7960.1_C,wholegenomeshotgunsequence
","2,619,222 bp linear DNA 
",JQLO01000001.1,"675281345
"
Carnobacteriumpleistocenium,"FTR1BP17DRAFT_scf7180000000008_quiver_dupTrim_9589.2_C,wholegenomeshotgunsequence
","2,625,711 bp linear DNA 
",JQLQ01000002.1,"675281363
"
Carnobacteriumgallinarum,"DSM4847strainMT44BR43DRAFT_scf7180000000012_quiver.5_C,wholegenomeshotgunsequence
","3,037,612 bp linear DNA 
",JQLU01000005.1,"675281379
"
Carnobacteriumgallinarum,"DSM4847strainMT44BR43DRAFT_scf7180000000013_quiver.4_C,wholegenomeshotgunsequence
","447,546 bp linear DNA 
",JQLU01000004.1,"675281384
"
Methylotenerasp.,"L2L1FG24DRAFT_unitig_0_quiver.1_C,wholegenomeshotgunsequence
","2,641,989 bp linear DNA 
",JQMG01000001.1,"675281728
"
Rhizobiumsp.,"CF097EW87DRAFT_scaffold00028.28_C,wholegenomeshotgunsequence
","104,202 bp linear DNA 
",JQMF01000028.1,"675281734
"
Porticoccushydrocarbonoclasticus,"MCTG13dU740DRAFT_scf7180000000004_quiver_dupTrim_6659.1_C,wholegenomeshotgunsequence
","2,474,654 bp linear DNA 
",JQMM01000001.1,"675281836
"
Carnobacteriummobile,"DSM4848strainMT37LBR87DRAFT_scf7180000000018_quiver_dupTrim_8950.1_C,wholegenomeshotgunsequence
","2,553,405 bp linear DNA 
",JQMR01000001.1,"675281861
"
Hydrogenovibriosp.,"Milos-T1L868DRAFT_scf7180000000002_quiver.1_C,wholegenomeshotgunsequence
","2,344,434 bp linear DNA 
",JQMT01000001.1,"675281866
"
Methylosinussp.,"PW1K369DRAFT_unitig_19_quiver.6_C,wholegenomeshotgunsequence
","2,921,845 bp linear DNA 
",JQNK01000009.1,"675281950
"
Massiliasp.,"9096FA90DRAFT_scf7180000000010_quiver.1_C,wholegenomeshotgunsequence
","5,554,448 bp linear DNA 
",JQNN01000001.1,"675281976
"
Stenoxybacteracetivorans,"DSM19021Q384DRAFT_scaffold00027.27_C,wholegenomeshotgunsequence
","29,838 bp linear DNA 
",JQKE01000031.1,"675283866
"
Methylocapsaaurea,"strainKYGDL86DRAFT_scaffold00006.6_C,wholegenomeshotgunsequence
","227,045 bp linear DNA 
",JQKO01000008.1,"675284948
"
Acinetobactergerneri,"DNA,contig:Age01S_CON00004,strain:KCTC12415,wholegenomeshotgunsequence
","114,735 bp linear DNA 
",BBLI01000004.1,"675286318
"
Erythrobactervulgaris,"genomeassemblyIDBA-UD,contigcontig000001,wholegenomeshotgunsequence
","971,547 bp linear DNA 
",CCSI01000001.1,"683286132
"
Myxosarcinasp.,"GI1contig_2,wholegenomeshotgunsequence
","168,543 bp linear DNA 
",JRFE01000003.1,"685984679
"
Myxosarcinasp.,"GI1contig_0,wholegenomeshotgunsequence
","195,043 bp linear DNA 
",JRFE01000001.1,"685984681
"
Citrobactersedlakii,"NBRC105722DNA,contig:CSE01S_CON00111,wholegenomeshotgunsequence
","142,472 bp linear DNA 
",BBNB01000015.1,"690916304
"
Streptomycesgalbus,"strainKCCM41354contig00060,wholegenomeshotgunsequence
","595,882 bp linear DNA 
",JRHJ01000055.1,"704649402
"
